{"init_params": {"cat_dims": [7442, 9454, 1537, 912, 3], "cat_emb_dim": 2, "cat_idxs": [0, 1, 2, 3, 11], "clip_value": 1.0, "device_name": "auto", "epsilon": 1e-15, "gamma": 1.3, "input_dim": 13, "lambda_sparse": 0, "mask_type": "sparsemax", "momentum": 0.1, "n_a": 8, "n_d": 8, "n_indep_decoder": 1, "n_independent": 2, "n_shared": 3, "n_shared_decoder": 1, "n_steps": 3, "optimizer_params": {"lr": 0.01}, "output_dim": 2, "scheduler_params": {"milestones": [20, 50, 80], "gamma": 0.5}, "seed": 42, "verbose": 1}, "class_attrs": {"preds_mapper": {"0": 0, "1": 1}}}