{"init_params": {"cat_dims": [], "cat_emb_dim": 1, "cat_idxs": [], "clip_value": 1.0, "device_name": "auto", "epsilon": 1e-15, "gamma": 1.3, "input_dim": 12, "lambda_sparse": 0, "mask_type": "sparsemax", "momentum": 0.1, "n_a": 8, "n_d": 8, "n_indep_decoder": 1, "n_independent": 1, "n_shared": 3, "n_shared_decoder": 1, "n_steps": 3, "optimizer_params": {"lr": 0.01}, "output_dim": 2, "scheduler_fn": null, "scheduler_params": {}, "seed": 0, "verbose": 1}, "class_attrs": {"preds_mapper": {"0": 0, "1": 1}}}